date, time, temperature, humidity
2023-11-10, 06:00:15, 20.50, 65.50
2023-11-10, 06:01:15, 20.50, 65.10
2023-11-10, 06:02:16, 20.50, 64.80
2023-11-10, 06:03:16, 20.50, 64.80
2023-11-10, 06:04:17, 20.50, 65.00
2023-11-10, 06:05:17, 20.50, 64.80
2023-11-10, 06:06:18, 20.50, 64.70
2023-11-10, 06:07:19, 20.50, 64.60
2023-11-10, 06:08:19, 20.50, 64.80
2023-11-10, 06:09:20, 20.50, 64.70
2023-11-10, 06:10:20, 20.50, 64.60
2023-11-10, 06:11:21, 20.50, 64.30
2023-11-10, 06:12:22, 20.50, 64.60
2023-11-10, 06:13:22, 20.50, 64.70
2023-11-10, 06:14:25, 20.40, 64.90
2023-11-10, 06:15:26, 20.50, 64.50
2023-11-10, 06:16:26, 20.40, 64.60
2023-11-10, 06:17:27, 20.50, 64.60
2023-11-10, 06:18:28, 20.50, 64.70
2023-11-10, 06:19:28, 20.40, 65.10
2023-11-10, 06:20:29, 20.40, 65.40
2023-11-10, 06:21:29, 20.40, 65.50
2023-11-10, 06:22:32, 20.40, 66.00
2023-11-10, 06:23:35, 20.40, 66.10
2023-11-10, 06:24:36, 20.30, 66.30
2023-11-10, 06:25:37, 20.40, 66.10
2023-11-10, 06:26:37, 20.40, 66.40
2023-11-10, 06:27:38, 20.30, 66.90
2023-11-10, 06:28:38, 20.30, 67.40
2023-11-10, 06:29:39, 20.30, 67.40
2023-11-10, 06:30:39, 20.30, 67.10
2023-11-10, 06:31:40, 20.30, 66.90
2023-11-10, 06:32:41, 20.30, 66.90
2023-11-10, 06:33:46, 20.30, 67.00
2023-11-10, 06:34:47, 20.30, 67.10
2023-11-10, 06:35:47, 20.20, 67.40
2023-11-10, 06:36:48, 20.40, 68.50
2023-11-10, 06:37:48, 20.60, 67.70
2023-11-10, 06:38:57, 20.80, 65.70
2023-11-10, 06:40:02, 20.80, 66.50
2023-11-10, 06:41:03, 20.70, 65.70
2023-11-10, 06:42:03, 20.70, 66.90
2023-11-10, 06:43:04, 20.70, 66.90
2023-11-10, 06:44:07, 20.60, 67.30
2023-11-10, 06:45:08, 20.40, 66.10
2023-11-10, 06:46:08, 20.20, 64.90
2023-11-10, 06:47:09, 20.10, 65.80
2023-11-10, 06:48:09, 20.10, 65.50
2023-11-10, 06:49:10, 20.10, 65.00
2023-11-10, 06:50:11, 20.10, 64.90
2023-11-10, 06:51:11, 20.10, 64.40
2023-11-10, 06:52:14, 20.10, 64.50
2023-11-10, 06:53:15, 20.10, 65.20
2023-11-10, 06:54:15, 20.10, 65.00
2023-11-10, 06:55:16, 20.10, 64.60
2023-11-10, 06:56:17, 20.10, 64.30
2023-11-10, 06:57:17, 20.10, 64.10
2023-11-10, 06:58:18, 20.10, 64.60
2023-11-10, 06:59:21, 20.10, 64.50
2023-11-10, 07:00:24, 20.10, 64.90
2023-11-10, 07:01:25, 20.10, 64.80
2023-11-10, 07:02:25, 20.10, 64.70
2023-11-10, 07:03:26, 20.10, 64.80
2023-11-10, 07:04:29, 20.10, 64.30
2023-11-10, 07:05:29, 20.10, 64.60
2023-11-10, 07:06:30, 20.10, 64.30
2023-11-10, 07:07:30, 20.00, 64.30
2023-11-10, 07:08:31, 20.10, 64.30
2023-11-10, 07:09:32, 20.10, 64.70
2023-11-10, 07:10:32, 20.00, 64.50
2023-11-10, 07:11:33, 20.00, 64.10
2023-11-10, 07:12:36, 20.00, 64.60
2023-11-10, 07:13:36, 20.00, 64.90
2023-11-10, 07:14:37, 20.00, 65.10
2023-11-10, 07:15:37, 20.00, 64.40
2023-11-10, 07:16:38, 20.00, 64.40
2023-11-10, 07:17:39, 20.00, 64.60
2023-11-10, 07:18:39, 20.00, 64.20
2023-11-10, 07:19:40, 20.00, 64.20
2023-11-10, 07:20:40, 20.00, 64.20
2023-11-10, 07:21:41, 20.00, 64.30
2023-11-10, 07:22:41, 20.00, 64.30
2023-11-10, 07:23:42, 20.00, 64.40
2023-11-10, 07:24:43, 20.00, 64.30
2023-11-10, 07:25:43, 20.00, 64.60
2023-11-10, 07:26:44, 20.00, 64.50
2023-11-10, 07:27:44, 20.00, 64.50
2023-11-10, 07:28:45, 20.00, 64.40
2023-11-10, 07:29:45, 20.00, 64.60
2023-11-10, 07:30:46, 20.00, 64.20
2023-11-10, 07:31:47, 20.00, 63.70
2023-11-10, 07:32:47, 20.10, 63.20
2023-11-10, 07:33:48, 20.20, 63.20
2023-11-10, 07:34:51, 20.30, 63.50
2023-11-10, 07:35:51, 20.30, 63.20
2023-11-10, 07:36:52, 20.40, 62.80
2023-11-10, 07:37:53, 20.50, 62.50
2023-11-10, 07:38:53, 20.50, 62.30
2023-11-10, 07:39:54, 20.50, 61.60
2023-11-10, 07:40:54, 20.60, 62.30
2023-11-10, 07:41:57, 20.60, 61.90
2023-11-10, 07:42:58, 20.60, 62.20
2023-11-10, 07:43:58, 20.60, 62.00
2023-11-10, 07:45:04, 20.70, 61.90
2023-11-10, 07:46:07, 20.70, 61.80
2023-11-10, 07:47:08, 20.70, 62.10
2023-11-10, 07:48:11, 20.70, 61.60
2023-11-10, 07:49:11, 20.80, 61.60
2023-11-10, 07:50:12, 20.70, 61.50
2023-11-10, 07:51:13, 20.80, 60.80
2023-11-10, 07:52:16, 20.80, 60.90
2023-11-10, 07:53:16, 20.80, 61.10
2023-11-10, 07:54:17, 20.80, 61.00
2023-11-10, 07:55:17, 20.80, 60.70
2023-11-10, 07:56:18, 20.80, 60.80
2023-11-10, 07:57:19, 20.80, 60.70
2023-11-10, 07:58:22, 20.80, 60.90
2023-11-10, 07:59:22, 20.90, 60.60
2023-11-10, 08:00:23, 20.90, 60.80
2023-11-10, 08:01:23, 20.90, 60.50
2023-11-10, 08:02:24, 20.90, 60.40
2023-11-10, 08:03:25, 20.90, 60.70
2023-11-10, 08:04:25, 21.00, 60.20
2023-11-10, 08:05:26, 21.00, 60.10
2023-11-10, 08:06:29, 21.10, 60.30
2023-11-10, 08:07:29, 21.10, 60.10
2023-11-10, 08:08:30, 21.10, 60.10
2023-11-10, 08:09:31, 21.10, 59.60
2023-11-10, 08:10:34, 21.10, 59.50
2023-11-10, 08:11:34, 21.10, 59.60
2023-11-10, 08:12:35, 21.20, 59.50
2023-11-10, 08:13:35, 21.10, 59.10
2023-11-10, 08:14:36, 21.20, 59.20
2023-11-10, 08:15:37, 21.20, 59.00
2023-11-10, 08:16:42, 21.20, 59.20
2023-11-10, 08:17:43, 21.20, 59.00
2023-11-10, 08:18:43, 21.20, 59.20
2023-11-10, 08:19:44, 21.20, 59.20
2023-11-10, 08:20:47, 21.20, 59.00
2023-11-10, 08:21:48, 21.20, 58.90
2023-11-10, 08:22:48, 21.20, 58.80
2023-11-10, 08:23:49, 21.20, 58.50
2023-11-10, 08:24:49, 21.20, 58.70
2023-11-10, 08:25:50, 21.20, 59.00
2023-11-10, 08:26:50, 21.20, 59.20
2023-11-10, 08:27:51, 21.20, 58.70
2023-11-10, 08:28:52, 21.20, 59.10
2023-11-10, 08:29:52, 21.20, 58.70
2023-11-10, 08:30:53, 21.20, 58.70
2023-11-10, 08:31:56, 21.20, 58.80
2023-11-10, 08:32:56, 21.30, 58.70
2023-11-10, 08:33:57, 21.30, 58.50
2023-11-10, 08:34:58, 21.30, 58.70
2023-11-10, 08:36:01, 21.30, 58.30
2023-11-10, 08:37:04, 21.40, 58.20
2023-11-10, 08:38:04, 21.40, 58.30
2023-11-10, 08:39:05, 21.40, 58.00
2023-11-10, 08:40:05, 21.40, 57.90
2023-11-10, 08:41:06, 21.40, 57.60
2023-11-10, 08:42:07, 21.50, 57.70
2023-11-10, 08:43:07, 21.50, 57.50
2023-11-10, 08:44:08, 21.50, 57.60
2023-11-10, 08:45:08, 21.50, 57.80
2023-11-10, 08:46:09, 21.60, 57.80
2023-11-10, 08:47:10, 21.60, 57.70
2023-11-10, 08:48:10, 21.60, 57.40
2023-11-10, 08:49:11, 21.60, 57.50
2023-11-10, 08:50:11, 21.60, 57.60
2023-11-10, 08:51:14, 21.60, 58.20
2023-11-10, 08:52:15, 21.60, 58.10
2023-11-10, 08:53:18, 21.60, 58.20
2023-11-10, 08:54:21, 21.60, 57.50
2023-11-10, 08:55:22, 21.70, 57.20
2023-11-10, 08:56:27, 21.70, 57.50
2023-11-10, 08:57:28, 21.80, 57.10
2023-11-10, 08:58:29, 21.80, 56.80
2023-11-10, 08:59:29, 21.90, 56.80
2023-11-10, 09:00:30, 21.90, 56.90
2023-11-10, 09:01:30, 21.90, 56.60
2023-11-10, 09:02:31, 21.90, 56.70
2023-11-10, 09:03:32, 22.00, 56.40
2023-11-10, 09:04:32, 22.00, 56.60
2023-11-10, 09:05:35, 22.00, 56.40
2023-11-10, 09:06:36, 22.00, 56.60
2023-11-10, 09:07:36, 22.00, 56.50
2023-11-10, 09:08:37, 22.00, 56.50
2023-11-10, 09:09:38, 22.00, 56.40
2023-11-10, 09:10:41, 22.00, 56.70
2023-11-10, 09:11:41, 22.00, 56.80
2023-11-10, 09:12:42, 22.00, 57.30
2023-11-10, 09:13:42, 22.00, 56.90
2023-11-10, 09:14:43, 22.10, 56.80
2023-11-10, 09:15:44, 22.10, 56.10
2023-11-10, 09:16:44, 22.10, 56.30
2023-11-10, 09:17:45, 22.10, 56.10
2023-11-10, 09:18:48, 22.20, 56.00
2023-11-10, 09:19:48, 22.20, 56.10
2023-11-10, 09:20:49, 22.30, 56.10
2023-11-10, 09:21:50, 22.40, 55.70
2023-11-10, 09:22:50, 22.40, 55.40
2023-11-10, 09:23:51, 22.30, 55.50
2023-11-10, 09:24:51, 22.30, 55.60
2023-11-10, 09:25:52, 22.50, 55.40
2023-11-10, 09:26:52, 22.70, 54.70
2023-11-10, 09:27:56, 22.80, 54.30
2023-11-10, 09:28:56, 22.80, 54.50
2023-11-10, 09:29:57, 23.00, 53.70
2023-11-10, 09:30:57, 23.20, 53.60
2023-11-10, 09:31:58, 23.40, 52.90
2023-11-10, 09:32:58, 23.60, 52.30
2023-11-10, 09:33:59, 23.70, 52.40
2023-11-10, 09:35:00, 23.90, 52.20
2023-11-10, 09:36:00, 24.00, 52.00
2023-11-10, 09:37:03, 24.10, 51.90
2023-11-10, 09:38:04, 24.20, 51.40
2023-11-10, 09:39:04, 24.20, 51.80
2023-11-10, 09:40:05, 24.30, 51.50
2023-11-10, 09:41:08, 24.30, 51.60
2023-11-10, 09:42:09, 24.40, 51.40
2023-11-10, 09:43:09, 24.50, 51.00
2023-11-10, 09:44:10, 24.50, 50.80
2023-11-10, 09:45:10, 24.60, 50.60
2023-11-10, 09:46:11, 24.70, 50.10
2023-11-10, 09:47:12, 24.80, 50.10
2023-11-10, 09:48:12, 24.80, 49.80
2023-11-10, 09:49:13, 24.80, 49.80
2023-11-10, 09:50:13, 24.80, 49.60
2023-11-10, 09:51:14, 24.80, 49.60
2023-11-10, 09:52:14, 25.00, 49.40
2023-11-10, 09:53:15, 25.00, 49.40
2023-11-10, 09:54:16, 25.10, 48.80
2023-11-10, 09:55:16, 25.10, 48.60
2023-11-10, 09:56:17, 25.10, 48.90
2023-11-10, 09:57:17, 25.20, 48.70
2023-11-10, 09:58:18, 25.20, 48.60
2023-11-10, 09:59:21, 25.20, 49.10
2023-11-10, 10:00:22, 25.30, 48.40
2023-11-10, 10:01:25, 25.40, 48.00
2023-11-10, 10:02:25, 25.30, 48.90
2023-11-10, 10:03:26, 25.40, 48.40
2023-11-10, 10:04:26, 25.40, 47.70
2023-11-10, 10:05:29, 25.40, 48.30
2023-11-10, 10:06:30, 25.50, 47.80
2023-11-10, 10:07:31, 25.50, 47.80
2023-11-10, 10:08:31, 25.60, 47.80
2023-11-10, 10:09:34, 25.50, 48.40
2023-11-10, 10:10:40, 25.50, 47.90
2023-11-10, 10:11:41, 25.40, 48.30
2023-11-10, 10:12:41, 25.40, 47.90
2023-11-10, 10:13:44, 25.30, 47.90
2023-11-10, 10:14:45, 25.20, 48.30
2023-11-10, 10:15:45, 25.40, 47.60
2023-11-10, 10:16:49, 25.50, 47.60
2023-11-10, 10:17:52, 25.50, 47.90
2023-11-10, 10:18:55, 25.60, 47.50
2023-11-10, 10:19:58, 25.60, 47.30
2023-11-10, 10:21:01, 25.60, 47.50
2023-11-10, 10:22:04, 25.50, 47.30
2023-11-10, 10:23:05, 25.70, 47.00
2023-11-10, 10:24:05, 25.70, 46.90
2023-11-10, 10:25:06, 25.80, 46.60
2023-11-10, 10:26:06, 25.90, 46.40
2023-11-10, 10:27:07, 26.00, 45.90
2023-11-10, 10:28:08, 25.80, 46.30
2023-11-10, 10:29:08, 25.80, 46.80
2023-11-10, 10:30:09, 25.60, 47.10
2023-11-10, 10:31:09, 25.70, 46.90
2023-11-10, 10:32:10, 25.70, 46.90
2023-11-10, 10:33:10, 25.70, 46.90
2023-11-10, 10:34:11, 25.70, 46.80
2023-11-10, 10:35:12, 25.70, 47.10
2023-11-10, 10:36:12, 25.90, 46.70
2023-11-10, 10:37:13, 25.90, 46.30
2023-11-10, 10:38:13, 25.90, 46.50
2023-11-10, 10:39:16, 25.90, 46.30
2023-11-10, 10:40:17, 25.70, 47.00
2023-11-10, 10:41:20, 25.80, 46.30
2023-11-10, 10:42:21, 25.80, 46.30
2023-11-10, 10:43:21, 25.90, 46.40
2023-11-10, 10:44:22, 25.80, 46.70
2023-11-10, 10:45:22, 25.90, 46.50
2023-11-10, 10:46:23, 26.20, 45.30
2023-11-10, 10:47:23, 26.20, 45.60
2023-11-10, 10:48:24, 26.30, 45.50
2023-11-10, 10:49:25, 26.30, 44.90
2023-11-10, 10:50:25, 26.50, 44.90
2023-11-10, 10:51:26, 26.60, 44.80
2023-11-10, 10:52:29, 26.80, 44.40
2023-11-10, 10:53:29, 26.80, 44.40
2023-11-10, 10:54:30, 26.80, 44.20
2023-11-10, 10:55:31, 26.90, 44.30
2023-11-10, 10:56:34, 26.90, 44.10
2023-11-10, 10:57:34, 26.90, 44.00
2023-11-10, 10:58:35, 27.00, 44.00
2023-11-10, 10:59:35, 26.90, 43.80
2023-11-10, 11:00:36, 26.90, 44.20
2023-11-10, 11:01:39, 27.10, 43.60
2023-11-10, 11:02:42, 27.00, 43.50
2023-11-10, 11:03:43, 27.20, 43.10
2023-11-10, 11:04:43, 27.20, 43.30
2023-11-10, 11:05:44, 27.10, 43.50
2023-11-10, 11:06:45, 27.10, 43.80
2023-11-10, 11:07:45, 26.90, 43.80
2023-11-10, 11:08:46, 27.10, 43.60
2023-11-10, 11:09:49, 27.30, 43.20
2023-11-10, 11:10:52, 27.40, 42.90
2023-11-10, 11:11:52, 27.60, 42.50
2023-11-10, 11:12:53, 27.40, 42.50
2023-11-10, 11:13:56, 27.40, 42.40
2023-11-10, 11:14:57, 27.40, 42.70
2023-11-10, 11:15:57, 27.30, 42.50
2023-11-10, 11:16:58, 27.40, 42.80
2023-11-10, 11:18:01, 27.30, 42.40
2023-11-10, 11:19:02, 27.50, 42.30
2023-11-10, 11:20:02, 27.40, 42.30
2023-11-10, 11:21:03, 27.60, 42.30
2023-11-10, 11:22:06, 27.70, 42.10
2023-11-10, 11:23:06, 27.80, 42.00
2023-11-10, 11:24:07, 27.80, 41.70
2023-11-10, 11:25:08, 27.70, 42.00
2023-11-10, 11:26:08, 27.60, 41.90
2023-11-10, 11:27:09, 27.60, 42.00
2023-11-10, 11:28:09, 27.80, 41.60
2023-11-10, 11:29:10, 27.80, 41.80
2023-11-10, 11:30:10, 27.90, 41.70
2023-11-10, 11:31:11, 28.00, 41.50
2023-11-10, 11:32:12, 28.00, 41.20
2023-11-10, 11:33:12, 27.90, 41.20
2023-11-10, 11:34:13, 27.90, 41.30
2023-11-10, 11:35:13, 28.00, 41.30
2023-11-10, 11:36:14, 28.00, 41.20
2023-11-10, 11:37:14, 27.90, 41.40
2023-11-10, 11:38:15, 27.80, 41.20
2023-11-10, 11:39:16, 27.90, 41.20
2023-11-10, 11:40:19, 27.80, 41.40
2023-11-10, 11:41:19, 27.80, 41.50
2023-11-10, 11:42:20, 27.80, 41.60
2023-11-10, 11:43:20, 27.90, 41.60
2023-11-10, 11:44:21, 27.80, 41.40
2023-11-10, 11:45:22, 27.80, 41.50
2023-11-10, 11:46:25, 27.70, 41.50
2023-11-10, 11:47:25, 27.70, 41.70
2023-11-10, 11:48:26, 27.70, 41.70
2023-11-10, 11:49:26, 27.70, 41.50
2023-11-10, 11:50:27, 27.80, 41.40
2023-11-10, 11:51:28, 27.80, 41.50
2023-11-10, 11:52:28, 27.80, 41.40
2023-11-10, 11:53:29, 27.80, 41.30
2023-11-10, 11:54:29, 27.80, 41.30
2023-11-10, 11:55:30, 27.80, 41.40
2023-11-10, 11:56:30, 27.90, 41.50
2023-11-10, 11:57:31, 27.90, 41.50
2023-11-10, 11:58:32, 27.90, 41.30
2023-11-10, 11:59:32, 27.90, 41.10
2023-11-10, 12:00:33, 27.90, 41.40
2023-11-10, 12:01:36, 27.80, 41.30
2023-11-10, 12:02:36, 27.90, 41.40
2023-11-10, 12:03:37, 27.90, 41.30
2023-11-10, 12:04:37, 28.00, 41.40
2023-11-10, 12:05:38, 27.90, 41.30
2023-11-10, 12:06:39, 28.00, 41.20
2023-11-10, 12:07:39, 27.90, 41.30
2023-11-10, 12:08:42, 27.90, 41.40
2023-11-10, 12:09:43, 28.00, 41.20
2023-11-10, 12:10:46, 27.90, 41.10
2023-11-10, 12:11:46, 27.90, 41.10
2023-11-10, 12:12:47, 27.90, 41.00
2023-11-10, 12:13:50, 27.90, 41.30
2023-11-10, 12:14:51, 28.00, 41.30
2023-11-10, 12:15:54, 28.00, 41.40
2023-11-10, 12:16:54, 28.00, 41.20
2023-11-10, 12:17:58, 28.00, 40.90
2023-11-10, 12:18:58, 28.10, 40.90
2023-11-10, 12:19:59, 28.10, 41.00
2023-11-10, 12:20:59, 28.20, 40.80
2023-11-10, 12:22:00, 28.20, 40.80
2023-11-10, 12:23:00, 28.20, 40.90
2023-11-10, 12:24:01, 28.30, 40.90
2023-11-10, 12:25:02, 28.30, 41.10
2023-11-10, 12:26:02, 28.30, 41.20
2023-11-10, 12:27:03, 28.20, 40.90
2023-11-10, 12:28:03, 28.20, 40.70
2023-11-10, 12:29:06, 28.30, 41.00
2023-11-10, 12:30:07, 28.30, 41.10
2023-11-10, 12:31:08, 28.30, 41.10
2023-11-10, 12:32:11, 28.40, 40.80
2023-11-10, 12:33:14, 28.40, 40.80
2023-11-10, 12:34:14, 28.50, 40.80
2023-11-10, 12:35:17, 28.40, 40.80
2023-11-10, 12:36:18, 28.50, 40.80
2023-11-10, 12:37:19, 28.50, 40.60
2023-11-10, 12:38:19, 28.40, 40.70
2023-11-10, 12:39:20, 28.40, 40.60
2023-11-10, 12:40:20, 28.40, 40.60
2023-11-10, 12:41:21, 28.40, 40.50
2023-11-10, 12:42:22, 28.40, 40.70
2023-11-10, 12:43:22, 28.40, 40.70
2023-11-10, 12:44:23, 28.40, 40.60
2023-11-10, 12:45:23, 28.40, 40.60
2023-11-10, 12:46:26, 28.40, 40.50
2023-11-10, 12:47:27, 28.40, 40.50
2023-11-10, 12:48:27, 28.30, 40.70
2023-11-10, 12:49:28, 28.40, 40.60
2023-11-10, 12:50:29, 28.40, 40.70
2023-11-10, 12:51:29, 28.40, 40.80
2023-11-10, 12:52:30, 28.40, 40.60
2023-11-10, 12:53:30, 28.40, 40.80
2023-11-10, 12:54:31, 28.50, 40.30
2023-11-10, 12:55:31, 28.50, 40.70
2023-11-10, 12:56:32, 28.60, 40.30
2023-11-10, 12:57:35, 28.50, 40.00
2023-11-10, 12:58:36, 28.60, 40.10
2023-11-10, 12:59:36, 28.60, 40.40
2023-11-10, 13:00:37, 28.50, 40.20
2023-11-10, 13:01:37, 28.50, 40.10
2023-11-10, 13:02:38, 28.50, 40.20
2023-11-10, 13:03:39, 28.60, 40.10
2023-11-10, 13:04:39, 28.60, 40.00
2023-11-10, 13:05:40, 28.60, 40.00
2023-11-10, 13:06:40, 28.60, 39.80
2023-11-10, 13:07:41, 28.50, 40.00
2023-11-10, 13:08:41, 28.70, 39.80
2023-11-10, 13:09:42, 28.60, 39.80
2023-11-10, 13:10:43, 28.60, 39.70
2023-11-10, 13:11:43, 28.50, 39.80
2023-11-10, 13:12:46, 28.60, 39.50
2023-11-10, 13:13:47, 28.60, 39.70
2023-11-10, 13:14:50, 28.50, 39.90
2023-11-10, 13:15:51, 28.40, 39.90
2023-11-10, 13:16:51, 28.40, 40.00
2023-11-10, 13:17:52, 28.40, 39.80
2023-11-10, 13:18:52, 28.40, 40.30
2023-11-10, 13:19:53, 28.50, 40.00
2023-11-10, 13:20:53, 28.50, 39.90
2023-11-10, 13:21:54, 28.40, 40.00
2023-11-10, 13:22:55, 28.60, 39.80
2023-11-10, 13:23:55, 28.60, 39.90
2023-11-10, 13:24:58, 28.50, 39.80
2023-11-10, 13:25:59, 28.50, 39.70
2023-11-10, 13:26:59, 28.50, 39.70
2023-11-10, 13:28:00, 28.50, 40.10
2023-11-10, 13:29:01, 28.50, 39.90
2023-11-10, 13:30:06, 28.60, 40.00
2023-11-10, 13:31:07, 28.50, 39.70
2023-11-10, 13:32:07, 28.60, 39.70
2023-11-10, 13:33:10, 28.60, 39.80
2023-11-10, 13:34:11, 28.60, 39.90
2023-11-10, 13:35:12, 28.60, 39.90
2023-11-10, 13:36:12, 28.60, 39.70
2023-11-10, 13:37:15, 28.60, 39.70
2023-11-10, 13:38:18, 28.60, 39.70
2023-11-10, 13:39:19, 28.60, 39.70
2023-11-10, 13:40:22, 28.60, 39.70
2023-11-10, 13:41:23, 28.60, 39.80
2023-11-10, 13:42:23, 28.60, 39.90
2023-11-10, 13:43:24, 28.60, 39.80
2023-11-10, 13:44:24, 28.60, 39.90
2023-11-10, 13:45:28, 28.50, 39.90
2023-11-10, 13:46:28, 28.60, 39.80
2023-11-10, 13:47:29, 28.50, 39.90
2023-11-10, 13:48:29, 28.50, 39.90
2023-11-10, 13:49:30, 28.60, 39.90
2023-11-10, 13:50:30, 28.50, 40.50
2023-11-10, 13:51:31, 28.50, 40.30
2023-11-10, 13:52:32, 28.40, 40.30
2023-11-10, 13:53:32, 28.40, 40.50
2023-11-10, 13:54:33, 28.30, 40.20
2023-11-10, 13:55:33, 28.30, 39.90
2023-11-10, 13:56:34, 28.40, 40.10
2023-11-10, 13:57:35, 28.40, 40.10
2023-11-10, 13:58:35, 28.40, 40.50
2023-11-10, 13:59:41, 28.40, 40.30
2023-11-10, 14:00:41, 28.40, 40.40
2023-11-10, 14:01:42, 28.30, 40.10
2023-11-10, 14:02:42, 28.30, 40.40
2023-11-10, 14:03:43, 28.30, 40.10
2023-11-10, 14:04:44, 28.30, 40.10
2023-11-10, 14:05:44, 28.30, 40.20
2023-11-10, 14:06:45, 28.30, 40.40
2023-11-10, 14:07:45, 28.30, 39.90
2023-11-10, 14:08:48, 28.40, 40.20
2023-11-10, 14:09:49, 28.30, 40.40
2023-11-10, 14:10:50, 28.30, 40.20
2023-11-10, 14:11:53, 28.40, 39.90
2023-11-10, 14:12:53, 28.40, 39.80
2023-11-10, 14:13:54, 28.30, 40.00
2023-11-10, 14:14:54, 28.30, 39.80
2023-11-10, 14:15:57, 28.30, 40.00
2023-11-10, 14:16:58, 28.30, 39.80
2023-11-10, 14:17:59, 28.30, 39.90
2023-11-10, 14:18:59, 28.20, 40.00
2023-11-10, 14:20:00, 28.20, 40.30
2023-11-10, 14:21:00, 28.20, 40.20
2023-11-10, 14:22:01, 28.20, 40.50
2023-11-10, 14:23:01, 28.20, 40.60
2023-11-10, 14:24:02, 28.10, 40.60
2023-11-10, 14:25:03, 28.10, 40.20
2023-11-10, 14:26:03, 28.10, 40.30
2023-11-10, 14:27:04, 28.10, 40.10
2023-11-10, 14:28:04, 28.00, 40.30
2023-11-10, 14:29:05, 28.00, 40.50
2023-11-10, 14:30:06, 27.90, 40.80
2023-11-10, 14:31:06, 28.00, 40.70
2023-11-10, 14:32:07, 27.90, 40.60
2023-11-10, 14:33:07, 27.90, 40.30
2023-11-10, 14:34:13, 27.80, 40.70
2023-11-10, 14:35:16, 27.80, 40.70
2023-11-10, 14:36:17, 27.80, 40.90
2023-11-10, 14:37:17, 27.80, 40.80
2023-11-10, 14:38:18, 27.80, 40.90
2023-11-10, 14:39:18, 27.80, 41.10
2023-11-10, 14:40:21, 27.70, 41.00
2023-11-10, 14:41:22, 27.70, 41.10
2023-11-10, 14:42:23, 27.60, 41.30
2023-11-10, 14:43:23, 27.60, 41.30
2023-11-10, 14:44:24, 27.70, 41.20
2023-11-10, 14:45:24, 27.60, 41.10
2023-11-10, 14:46:25, 27.60, 41.30
2023-11-10, 14:47:25, 27.60, 41.20
2023-11-10, 14:48:26, 27.60, 41.40
2023-11-10, 14:49:27, 27.50, 41.20
2023-11-10, 14:50:27, 27.60, 41.20
2023-11-10, 14:51:30, 27.50, 41.30
2023-11-10, 14:52:31, 27.50, 41.60
2023-11-10, 14:53:31, 27.50, 41.40
2023-11-10, 14:54:32, 27.40, 41.30
2023-11-10, 14:55:32, 27.40, 41.40
2023-11-10, 14:56:33, 27.40, 41.30
2023-11-10, 14:57:34, 27.30, 41.30
2023-11-10, 14:58:34, 27.30, 41.40
2023-11-10, 14:59:35, 27.10, 41.70
2023-11-10, 15:00:35, 27.00, 42.20
2023-11-10, 15:01:36, 26.90, 42.30
2023-11-10, 15:02:36, 26.70, 42.50
2023-11-10, 15:03:37, 26.60, 42.70
2023-11-10, 15:04:38, 26.40, 43.10
2023-11-10, 15:05:38, 26.30, 43.50
2023-11-10, 15:06:39, 26.10, 43.50
2023-11-10, 15:07:39, 25.90, 43.70
2023-11-10, 15:08:40, 25.80, 44.10
2023-11-10, 15:09:40, 25.70, 44.50
2023-11-10, 15:10:41, 25.70, 44.50
2023-11-10, 15:11:42, 25.60, 44.90
2023-11-10, 15:12:42, 25.60, 45.00
2023-11-10, 15:13:45, 25.50, 45.10
2023-11-10, 15:14:46, 25.50, 45.10
2023-11-10, 15:15:46, 25.50, 45.00
2023-11-10, 15:16:47, 25.50, 44.70
2023-11-10, 15:17:48, 25.40, 44.80
2023-11-10, 15:18:48, 25.40, 44.90
2023-11-10, 15:19:49, 25.40, 45.00
2023-11-10, 15:20:49, 25.30, 32.30
2023-11-10, 15:21:50, 25.30, 45.30
2023-11-10, 15:22:50, 25.30, 45.30
2023-11-10, 15:23:51, 25.30, 45.30
2023-11-10, 15:24:52, 25.20, 45.50
2023-11-10, 15:25:55, 25.30, 45.60
2023-11-10, 15:26:55, 25.30, 45.70
2023-11-10, 15:27:56, 25.20, 45.50
2023-11-10, 15:29:01, 25.20, 45.50
2023-11-10, 15:30:02, 25.20, 45.30
2023-11-10, 15:31:05, 25.20, 45.30
2023-11-10, 15:32:06, 25.20, 45.50
2023-11-10, 15:33:09, 25.20, 45.70
2023-11-10, 15:34:09, 25.10, 45.70
2023-11-10, 15:35:10, 25.10, 45.60
2023-11-10, 15:36:11, 25.20, 45.50
2023-11-10, 15:37:11, 25.10, 45.80
2023-11-10, 15:38:12, 25.10, 45.80
2023-11-10, 15:39:15, 25.10, 45.30
2023-11-10, 15:40:15, 25.10, 45.20
2023-11-10, 15:41:16, 25.10, 45.40
2023-11-10, 15:42:19, 25.00, 45.50
2023-11-10, 15:43:20, 25.00, 45.50
2023-11-10, 15:44:23, 25.00, 45.70
2023-11-10, 15:45:26, 25.00, 45.60
2023-11-10, 15:46:26, 25.00, 45.60
2023-11-10, 15:47:27, 24.90, 45.80
2023-11-10, 15:48:28, 24.90, 45.60
2023-11-10, 15:49:28, 24.90, 45.70
2023-11-10, 15:50:29, 24.80, 45.90
2023-11-10, 15:51:29, 24.80, 45.90
2023-11-10, 15:52:30, 24.80, 46.10
2023-11-10, 15:53:30, 24.80, 46.00
2023-11-10, 15:54:31, 24.80, 46.10
2023-11-10, 15:55:32, 24.70, 45.90
2023-11-10, 15:56:35, 24.70, 45.90
2023-11-10, 15:57:35, 24.70, 46.10
2023-11-10, 15:58:36, 24.70, 46.40
2023-11-10, 15:59:36, 24.70, 46.20
2023-11-10, 16:00:40, 24.70, 45.90
2023-11-10, 16:01:40, 24.70, 46.20
2023-11-10, 16:02:41, 24.60, 46.20
2023-11-10, 16:03:41, 24.70, 46.10
2023-11-10, 16:04:42, 24.70, 46.00
2023-11-10, 16:05:42, 24.70, 46.10
2023-11-10, 16:06:43, 24.70, 46.40
2023-11-10, 16:07:44, 24.70, 46.30
2023-11-10, 16:08:44, 24.70, 46.20
2023-11-10, 16:09:45, 24.60, 46.10
2023-11-10, 16:10:45, 24.60, 46.30
2023-11-10, 16:11:48, 24.60, 46.10
2023-11-10, 16:12:52, 24.60, 46.00
2023-11-10, 16:13:52, 24.60, 46.20
2023-11-10, 16:14:53, 24.60, 46.40
2023-11-10, 16:15:53, 24.50, 46.20
2023-11-10, 16:16:59, 24.50, 46.50
2023-11-10, 16:17:59, 24.50, 46.20
2023-11-10, 16:19:00, 24.50, 46.60
2023-11-10, 16:20:01, 24.50, 46.40
2023-11-10, 16:21:01, 24.40, 46.50
2023-11-10, 16:22:02, 24.40, 46.50
2023-11-10, 16:23:02, 24.40, 46.50
2023-11-10, 16:24:03, 24.40, 46.60
2023-11-10, 16:25:06, 24.30, 46.50
2023-11-10, 16:26:07, 24.30, 46.80
2023-11-10, 16:27:07, 24.40, 46.60
2023-11-10, 16:28:08, 24.30, 46.70
2023-11-10, 16:29:08, 24.30, 46.80
2023-11-10, 16:30:11, 24.30, 46.90
2023-11-10, 16:31:15, 24.20, 46.90
2023-11-10, 16:32:15, 24.20, 47.00
2023-11-10, 16:33:16, 24.20, 46.80
2023-11-10, 16:34:16, 24.30, 46.70
2023-11-10, 16:35:17, 24.20, 46.70
2023-11-10, 16:36:17, 24.20, 47.10
2023-11-10, 16:37:18, 24.20, 47.00
2023-11-10, 16:38:19, 24.20, 46.90
2023-11-10, 16:39:22, 24.20, 46.30
2023-11-10, 16:40:22, 24.20, 46.80
2023-11-10, 16:41:23, 24.10, 46.80
2023-11-10, 16:42:26, 24.10, 46.50
2023-11-10, 16:43:31, 24.10, 46.90
2023-11-10, 16:44:35, 24.10, 46.80
2023-11-10, 16:45:35, 24.10, 46.70
2023-11-10, 16:46:36, 24.10, 46.60
2023-11-10, 16:47:36, 24.00, 46.80
2023-11-10, 16:48:37, 24.00, 47.10
2023-11-10, 16:49:38, 24.00, 47.00
2023-11-10, 16:50:38, 24.00, 46.90
2023-11-10, 16:51:44, 24.00, 46.90
2023-11-10, 16:52:44, 23.90, 47.10
2023-11-10, 16:53:45, 24.00, 47.10
2023-11-10, 16:54:45, 23.90, 46.80
2023-11-10, 16:55:51, 23.90, 46.80
2023-11-10, 16:56:52, 23.80, 46.90
2023-11-10, 16:57:57, 23.80, 47.00
2023-11-10, 16:58:58, 23.80, 47.30
2023-11-10, 16:59:58, 23.80, 47.30
2023-11-10, 17:00:59, 23.70, 47.30
2023-11-10, 17:02:00, 23.70, 47.60
2023-11-10, 17:03:00, 23.70, 47.30
2023-11-10, 17:04:01, 23.70, 47.40
2023-11-10, 17:05:01, 23.70, 47.40
2023-11-10, 17:06:02, 23.60, 47.50
2023-11-10, 17:07:02, 23.60, 47.40
2023-11-10, 17:08:03, 23.60, 47.50
2023-11-10, 17:09:06, 23.50, 47.20
2023-11-10, 17:10:07, 23.50, 47.40
2023-11-10, 17:11:07, 23.50, 47.20
2023-11-10, 17:12:08, 23.50, 47.30
2023-11-10, 17:13:11, 23.50, 47.30
2023-11-10, 17:14:11, 23.50, 47.30
2023-11-10, 17:15:12, 23.50, 47.20
2023-11-10, 17:16:13, 23.50, 47.20
2023-11-10, 17:17:13, 23.40, 47.20
2023-11-10, 17:18:14, 23.40, 47.30
2023-11-10, 17:19:14, 23.30, 47.40
2023-11-10, 17:20:15, 23.30, 47.40
2023-11-10, 17:21:16, 23.30, 47.50
2023-11-10, 17:22:19, 23.30, 47.50
2023-11-10, 17:23:22, 23.30, 47.40
2023-11-10, 17:24:25, 23.30, 47.50
2023-11-10, 17:25:28, 23.30, 47.50
2023-11-10, 17:26:29, 23.30, 47.40
2023-11-10, 17:27:29, 23.30, 47.30
2023-11-10, 17:28:30, 23.20, 47.10
2023-11-10, 17:29:30, 23.20, 47.50
2023-11-10, 17:30:31, 23.20, 47.20
2023-11-10, 17:31:31, 23.10, 47.40
2023-11-10, 17:32:32, 23.20, 47.20
2023-11-10, 17:33:33, 23.20, 47.40
2023-11-10, 17:34:33, 23.10, 47.40
2023-11-10, 17:35:34, 23.10, 47.30
2023-11-10, 17:36:34, 23.10, 47.20
2023-11-10, 17:37:35, 23.10, 47.30
2023-11-10, 17:38:35, 23.10, 47.30
2023-11-10, 17:39:36, 23.20, 47.20
2023-11-10, 17:40:37, 23.10, 47.10
2023-11-10, 17:41:37, 23.20, 46.90
2023-11-10, 17:42:38, 23.10, 46.80
2023-11-10, 17:43:41, 23.10, 47.10
2023-11-10, 17:44:41, 23.10, 46.70
2023-11-10, 17:45:42, 23.20, 46.50
2023-11-10, 17:46:43, 23.10, 46.90
2023-11-10, 17:47:43, 23.10, 46.70
2023-11-10, 17:48:44, 23.20, 46.80
2023-11-10, 17:49:44, 23.10, 46.60
2023-11-10, 17:50:45, 23.10, 46.70
2023-11-10, 17:51:45, 23.10, 46.80
2023-11-10, 17:52:46, 23.00, 46.50
2023-11-10, 17:53:47, 23.00, 46.60
2023-11-10, 17:54:47, 23.00, 46.80
2023-11-10, 17:55:48, 23.00, 46.70
2023-11-10, 17:56:48, 23.00, 46.70
2023-11-10, 17:57:54, 23.00, 46.60
2023-11-10, 17:58:54, 23.00, 46.50
2023-11-10, 17:59:58, 23.00, 46.30
2023-11-10, 18:00:58, 23.00, 46.50
2023-11-10, 18:02:01, 22.90, 46.10
2023-11-10, 18:03:02, 22.90, 46.20
2023-11-10, 18:04:02, 22.90, 46.00
2023-11-10, 18:05:05, 22.90, 46.00
2023-11-10, 18:06:06, 22.90, 45.90
2023-11-10, 18:07:07, 23.00, 46.10
2023-11-10, 18:08:07, 23.00, 46.20
2023-11-10, 18:09:08, 23.00, 46.10
2023-11-10, 18:10:08, 22.90, 46.00
2023-11-10, 18:11:09, 22.90, 46.30
2023-11-10, 18:12:09, 22.90, 46.30
2023-11-10, 18:13:10, 22.90, 46.20
2023-11-10, 18:14:11, 22.90, 46.20
2023-11-10, 18:15:11, 22.80, 45.90
2023-11-10, 18:16:14, 22.90, 46.20
2023-11-10, 18:17:15, 22.90, 46.20
2023-11-10, 18:18:15, 22.80, 46.10
2023-11-10, 18:19:16, 22.80, 46.10
2023-11-10, 18:20:17, 22.80, 46.20
2023-11-10, 18:21:17, 22.70, 46.40
2023-11-10, 18:22:18, 22.70, 46.40
2023-11-10, 18:23:18, 22.70, 46.30
2023-11-10, 18:24:19, 22.70, 46.30
2023-11-10, 18:25:20, 22.70, 45.70
2023-11-10, 18:26:20, 22.70, 45.90
2023-11-10, 18:27:21, 22.70, 46.00
2023-11-10, 18:28:21, 22.70, 45.50
2023-11-10, 18:29:22, 22.80, 45.70
2023-11-10, 18:30:22, 22.80, 45.40
2023-11-10, 18:31:23, 22.70, 45.40
2023-11-10, 18:32:23, 22.70, 45.70
2023-11-10, 18:33:27, 22.70, 45.10
2023-11-10, 18:34:32, 22.70, 45.80
2023-11-10, 18:35:33, 22.80, 45.70
2023-11-10, 18:36:33, 22.70, 46.00
2023-11-10, 18:37:34, 22.70, 46.10
2023-11-10, 18:38:35, 22.60, 46.10
2023-11-10, 18:39:38, 22.60, 46.00
2023-11-10, 18:40:38, 22.60, 45.70
2023-11-10, 18:41:39, 22.60, 46.10
2023-11-10, 18:42:42, 22.50, 46.10
2023-11-10, 18:43:42, 22.50, 46.20
2023-11-10, 18:44:43, 22.50, 45.90
2023-11-10, 18:45:44, 22.50, 46.10
2023-11-10, 18:46:44, 22.50, 46.00
2023-11-10, 18:47:45, 22.50, 45.90
2023-11-10, 18:48:45, 22.50, 45.60
2023-11-10, 18:49:46, 22.50, 45.90
2023-11-10, 18:50:46, 22.50, 45.80
2023-11-10, 18:51:47, 22.50, 46.10
2023-11-10, 18:52:53, 22.40, 46.20
2023-11-10, 18:53:53, 22.40, 46.20
2023-11-10, 18:54:54, 22.50, 46.10
2023-11-10, 18:55:57, 22.50, 46.00
2023-11-10, 18:56:58, 22.40, 46.10
2023-11-10, 18:57:58, 22.40, 46.30
2023-11-10, 18:58:59, 22.40, 46.30
2023-11-10, 18:59:59, 22.40, 46.30
2023-11-10, 19:01:00, 22.30, 46.40
2023-11-10, 19:02:01, 22.30, 46.40
2023-11-10, 19:03:01, 22.30, 46.40
2023-11-10, 19:04:02, 22.30, 46.40
2023-11-10, 19:05:02, 22.30, 46.40
2023-11-10, 19:06:05, 22.40, 46.20
2023-11-10, 19:07:06, 22.40, 46.10
2023-11-10, 19:08:09, 22.40, 46.10
2023-11-10, 19:09:12, 22.40, 45.90
2023-11-10, 19:10:13, 22.50, 46.00
2023-11-10, 19:11:13, 22.60, 45.70
2023-11-10, 19:12:16, 22.50, 45.80
2023-11-10, 19:13:19, 22.40, 45.90
2023-11-10, 19:14:20, 22.40, 46.00
2023-11-10, 19:15:21, 22.50, 45.60
2023-11-10, 19:16:26, 22.40, 45.80
2023-11-10, 19:17:27, 22.30, 45.90
2023-11-10, 19:18:27, 22.30, 46.10
2023-11-10, 19:19:28, 22.20, 45.90
2023-11-10, 19:20:28, 22.20, 46.10
2023-11-10, 19:21:29, 22.10, 46.20
2023-11-10, 19:22:30, 22.10, 45.90
2023-11-10, 19:23:30, 22.10, 46.10
2023-11-10, 19:24:31, 22.10, 46.10
2023-11-10, 19:25:31, 22.20, 46.00
2023-11-10, 19:26:32, 22.20, 45.70
2023-11-10, 19:27:40, 22.20, 45.90
2023-11-10, 19:28:41, 22.10, 45.30
2023-11-10, 19:29:41, 22.10, 45.80
2023-11-10, 19:30:42, 22.10, 45.60
2023-11-10, 19:31:42, 22.10, 45.90
2023-11-10, 19:32:43, 22.10, 45.90
2023-11-10, 19:33:43, 22.10, 45.80
2023-11-10, 19:34:44, 22.10, 45.70
2023-11-10, 19:35:47, 22.10, 45.50
2023-11-10, 19:36:48, 22.10, 45.60
2023-11-10, 19:37:48, 22.00, 45.80
2023-11-10, 19:38:49, 22.00, 46.00
2023-11-10, 19:39:49, 22.00, 45.90
2023-11-10, 19:40:50, 22.00, 46.00
2023-11-10, 19:41:50, 22.00, 45.60
2023-11-10, 19:42:51, 22.00, 45.80
2023-11-10, 19:43:52, 22.00, 46.00
2023-11-10, 19:44:52, 22.00, 46.00
2023-11-10, 19:45:53, 22.00, 45.90
2023-11-10, 19:46:53, 22.00, 46.00
2023-11-10, 19:47:56, 21.70, 40.20
2023-11-10, 19:48:57, 21.50, 44.10
2023-11-10, 19:50:00, 21.60, 41.90
2023-11-10, 19:51:03, 21.70, 42.60
2023-11-10, 19:52:06, 21.90, 42.40
2023-11-10, 19:53:09, 21.90, 43.00
2023-11-10, 19:54:10, 22.00, 43.50
2023-11-10, 19:55:11, 22.00, 43.60
2023-11-10, 19:56:11, 22.10, 44.00
2023-11-10, 19:57:12, 22.10, 43.90
2023-11-10, 19:58:12, 22.20, 44.10
2023-11-10, 19:59:13, 22.20, 43.80
2023-11-10, 20:00:13, 22.10, 44.40
2023-11-10, 20:01:14, 22.10, 44.70
2023-11-10, 20:02:14, 22.10, 44.80
2023-11-10, 20:03:15, 22.00, 44.90
2023-11-10, 20:04:16, 22.00, 19.20
2023-11-10, 20:05:16, 22.00, 44.90
2023-11-10, 20:06:17, 22.10, 45.20
2023-11-10, 20:07:17, 22.00, 45.30
2023-11-10, 20:08:18, 22.00, 45.10
2023-11-10, 20:09:19, 22.10, 45.00
2023-11-10, 20:10:19, 22.00, 45.10
2023-11-10, 20:11:20, 22.10, 45.00
2023-11-10, 20:12:23, 22.10, 45.10
2023-11-10, 20:13:23, 22.10, 44.70
2023-11-10, 20:14:24, 22.20, 45.00
2023-11-10, 20:15:27, 22.20, 44.80
2023-11-10, 20:16:28, 22.20, 44.90
2023-11-10, 20:17:28, 22.20, 44.80
2023-11-10, 20:18:29, 22.20, 44.80
2023-11-10, 20:19:29, 22.30, 44.70
2023-11-10, 20:20:32, 22.20, 44.60
2023-11-10, 20:21:35, 22.30, 44.60
2023-11-10, 20:22:36, 22.30, 44.70
2023-11-10, 20:23:37, 22.30, 44.70
2023-11-10, 20:24:37, 22.40, 44.40
2023-11-10, 20:25:38, 22.30, 44.70
2023-11-10, 20:26:38, 22.30, 44.90
2023-11-10, 20:27:39, 22.30, 44.90
2023-11-10, 20:28:45, 22.30, 44.80
2023-11-10, 20:29:45, 22.20, 44.60
2023-11-10, 20:30:46, 22.20, 44.70
2023-11-10, 20:31:46, 22.20, 45.10
2023-11-10, 20:32:47, 22.30, 44.70
2023-11-10, 20:33:47, 22.20, 44.70
2023-11-10, 20:34:48, 22.20, 44.90
2023-11-10, 20:35:51, 22.30, 44.60
2023-11-10, 20:36:52, 22.20, 44.70
2023-11-10, 20:37:55, 22.20, 44.60
2023-11-10, 20:38:55, 22.20, 44.80
2023-11-10, 20:39:56, 22.30, 44.70
2023-11-10, 20:41:02, 22.20, 44.60
2023-11-10, 20:42:05, 22.20, 44.70
2023-11-10, 20:43:05, 22.20, 44.70
2023-11-10, 20:44:06, 22.20, 46.50
2023-11-10, 20:45:06, 22.20, 49.50
2023-11-10, 20:46:09, 22.30, 50.90
2023-11-10, 20:47:10, 22.40, 52.40
2023-11-10, 20:48:13, 22.40, 52.20
2023-11-10, 20:49:14, 22.40, 52.20
2023-11-10, 20:50:14, 22.40, 52.30
2023-11-10, 20:51:15, 22.40, 52.40
2023-11-10, 20:52:15, 22.50, 52.50
2023-11-10, 20:53:16, 22.50, 52.60
2023-11-10, 20:54:17, 22.50, 54.10
2023-11-10, 20:55:17, 22.50, 55.20
2023-11-10, 20:56:18, 22.70, 55.20
2023-11-10, 20:57:18, 22.80, 54.60
2023-11-10, 20:58:19, 22.80, 54.50
2023-11-10, 20:59:19, 23.00, 54.40
2023-11-10, 21:00:20, 23.00, 54.90
2023-11-10, 21:01:21, 23.00, 54.70
2023-11-10, 21:02:21, 22.90, 55.10
2023-11-10, 21:03:24, 22.70, 55.50
2023-11-10, 21:04:25, 22.60, 56.30
2023-11-10, 21:05:28, 22.40, 56.30
2023-11-10, 21:06:31, 22.30, 56.80
2023-11-10, 21:07:32, 22.20, 56.90
2023-11-10, 21:08:32, 22.10, 57.60
2023-11-10, 21:09:33, 22.10, 57.70
2023-11-10, 21:10:33, 22.00, 58.50
2023-11-10, 21:11:34, 22.00, 58.50
2023-11-10, 21:12:37, 22.00, 58.80
2023-11-10, 21:13:38, 21.90, 58.70
2023-11-10, 21:14:43, 21.90, 58.80
2023-11-10, 21:15:44, 21.80, 59.20
2023-11-10, 21:16:44, 21.80, 59.50
2023-11-10, 21:17:45, 21.80, 59.20
2023-11-10, 21:18:46, 21.90, 59.40
2023-11-10, 21:19:46, 21.80, 59.50
2023-11-10, 21:20:47, 21.80, 59.60
2023-11-10, 21:21:47, 21.80, 59.70
2023-11-10, 21:22:50, 21.80, 60.00
2023-11-10, 21:23:51, 21.70, 60.40
2023-11-10, 21:24:52, 21.60, 60.90
2023-11-10, 21:25:52, 21.60, 60.70
2023-11-10, 21:26:53, 21.60, 60.90
2023-11-10, 21:27:53, 21.50, 61.10
2023-11-10, 21:28:54, 21.50, 61.70
2023-11-10, 21:29:54, 21.50, 61.70
2023-11-10, 21:30:55, 21.50, 62.00
2023-11-10, 21:31:56, 21.50, 61.80
2023-11-10, 21:32:56, 21.40, 62.10
2023-11-10, 21:33:57, 21.40, 62.20
2023-11-10, 21:34:57, 21.40, 62.30
2023-11-10, 21:35:58, 21.40, 62.40
2023-11-10, 21:36:59, 21.40, 62.50
2023-11-10, 21:37:59, 21.40, 62.60
2023-11-10, 21:39:00, 21.40, 62.90
2023-11-10, 21:40:00, 21.40, 62.70
2023-11-10, 21:41:03, 21.40, 62.90
2023-11-10, 21:42:04, 21.40, 62.90
2023-11-10, 21:43:05, 21.30, 63.20
2023-11-10, 21:44:05, 21.30, 63.00
2023-11-10, 21:45:06, 21.30, 63.10
2023-11-10, 21:46:06, 21.40, 63.30
2023-11-10, 21:47:07, 21.30, 63.60
2023-11-10, 21:48:07, 21.30, 63.60
2023-11-10, 21:49:08, 21.30, 63.70
2023-11-10, 21:50:09, 21.30, 63.90
2023-11-10, 21:51:09, 21.30, 63.80
2023-11-10, 21:52:10, 21.30, 64.00
2023-11-10, 21:53:10, 21.30, 64.40
2023-11-10, 21:54:11, 21.30, 64.10
2023-11-10, 21:55:12, 21.30, 63.90
2023-11-10, 21:56:12, 21.30, 64.50
2023-11-10, 21:57:13, 21.30, 64.40
2023-11-10, 21:58:16, 21.20, 64.20
2023-11-10, 21:59:16, 21.20, 63.80
2023-11-10, 22:00:17, 21.20, 64.20
2023-11-10, 22:01:17, 21.20, 63.70
2023-11-10, 22:02:18, 21.20, 64.00
2023-11-10, 22:03:19, 21.20, 64.40
2023-11-10, 22:04:19, 21.20, 64.50
2023-11-10, 22:05:20, 21.20, 63.70
2023-11-10, 22:06:20, 21.20, 63.60
2023-11-10, 22:07:21, 21.20, 63.50
2023-11-10, 22:08:21, 21.20, 63.40
2023-11-10, 22:09:25, 21.20, 63.30
2023-11-10, 22:10:25, 21.10, 63.20
2023-11-10, 22:11:26, 21.20, 63.30
2023-11-10, 22:12:29, 21.20, 63.50
2023-11-10, 22:13:29, 21.20, 63.00
2023-11-10, 22:14:32, 21.10, 63.10
2023-11-10, 22:15:33, 21.10, 62.90
2023-11-10, 22:16:34, 21.20, 63.10
2023-11-10, 22:17:34, 21.10, 62.90
2023-11-10, 22:18:35, 21.20, 62.80
2023-11-10, 22:19:35, 21.10, 63.10
2023-11-10, 22:20:38, 21.10, 62.60
2023-11-10, 22:21:39, 21.10, 62.90
2023-11-10, 22:22:39, 21.10, 62.70
2023-11-10, 22:23:40, 21.10, 62.90
2023-11-10, 22:24:41, 21.10, 63.50
2023-11-10, 22:25:41, 21.10, 63.50
2023-11-10, 22:26:42, 21.10, 62.80
2023-11-10, 22:27:42, 21.10, 62.70
2023-11-10, 22:28:43, 21.10, 62.60
2023-11-10, 22:29:49, 21.10, 62.70
2023-11-10, 22:30:49, 21.10, 62.70
2023-11-10, 22:31:50, 21.10, 62.70
2023-11-10, 22:32:50, 21.10, 62.70
2023-11-10, 22:33:51, 21.10, 62.50
2023-11-10, 22:34:51, 21.10, 63.00
2023-11-10, 22:35:52, 21.10, 62.70
2023-11-10, 22:36:55, 21.10, 63.10
2023-11-10, 22:37:56, 21.10, 62.80
2023-11-10, 22:38:56, 21.10, 62.30
2023-11-10, 22:39:57, 21.10, 62.50
2023-11-10, 22:40:57, 21.10, 62.50
2023-11-10, 22:41:58, 21.10, 61.80
2023-11-10, 22:42:59, 21.10, 62.40
2023-11-10, 22:43:59, 21.20, 61.60
2023-11-10, 22:45:00, 21.10, 61.70
2023-11-10, 22:46:00, 21.20, 62.10
2023-11-10, 22:47:01, 21.20, 61.70
2023-11-10, 22:48:01, 21.20, 61.90
2023-11-10, 22:49:05, 21.20, 62.00
2023-11-10, 22:50:05, 21.20, 62.10
2023-11-10, 22:51:06, 21.10, 61.90
2023-11-10, 22:52:06, 21.20, 61.70
2023-11-10, 22:53:07, 21.10, 61.70
2023-11-10, 22:54:07, 21.20, 61.90
2023-11-10, 22:55:08, 21.20, 61.40
2023-11-10, 22:56:09, 21.20, 61.50
2023-11-10, 22:57:12, 21.20, 61.60
2023-11-10, 22:58:12, 21.10, 61.70
2023-11-10, 22:59:13, 21.20, 61.70
2023-11-10, 23:00:13, 21.20, 61.50
2023-11-10, 23:01:14, 21.10, 61.70
2023-11-10, 23:02:15, 21.20, 62.00
2023-11-10, 23:03:15, 21.20, 61.90
2023-11-10, 23:04:16, 21.20, 62.00
2023-11-10, 23:05:21, 21.10, 62.10
2023-11-10, 23:06:22, 21.10, 61.90
2023-11-10, 23:07:22, 21.10, 62.10
2023-11-10, 23:08:23, 21.10, 61.90
2023-11-10, 23:09:26, 21.10, 61.80
2023-11-10, 23:10:27, 21.10, 62.50
2023-11-10, 23:11:27, 21.10, 62.20
2023-11-10, 23:12:28, 21.10, 62.20
2023-11-10, 23:13:29, 21.10, 62.40
2023-11-10, 23:14:32, 21.10, 62.10
2023-11-10, 23:15:35, 21.10, 61.90
2023-11-10, 23:16:35, 21.10, 62.40
2023-11-10, 23:17:36, 21.10, 62.40
2023-11-10, 23:18:36, 21.10, 62.40
2023-11-10, 23:19:40, 21.10, 62.50
2023-11-10, 23:20:40, 21.10, 62.50
2023-11-10, 23:21:41, 21.10, 62.10
2023-11-10, 23:22:41, 21.10, 62.20
2023-11-10, 23:23:42, 21.10, 62.10
2023-11-10, 23:24:42, 21.10, 62.20
2023-11-10, 23:25:43, 21.10, 62.00
2023-11-10, 23:26:46, 21.10, 62.30
2023-11-10, 23:27:47, 21.10, 62.10
2023-11-10, 23:28:47, 21.10, 61.90
2023-11-10, 23:29:50, 21.10, 62.10
2023-11-10, 23:30:51, 21.10, 62.00
2023-11-10, 23:31:57, 21.10, 61.90
2023-11-10, 23:32:57, 21.10, 62.20
2023-11-10, 23:33:58, 21.10, 61.60
2023-11-10, 23:34:58, 21.10, 62.00
2023-11-10, 23:35:59, 21.10, 62.20
2023-11-10, 23:36:59, 21.10, 62.00
2023-11-10, 23:38:00, 21.10, 61.40
2023-11-10, 23:39:01, 21.10, 60.90
2023-11-10, 23:40:01, 21.10, 61.40
2023-11-10, 23:41:04, 21.10, 61.20
2023-11-10, 23:42:05, 21.10, 61.70
2023-11-10, 23:43:05, 21.20, 61.50
2023-11-10, 23:44:08, 21.20, 61.70
2023-11-10, 23:45:09, 21.20, 61.90
2023-11-10, 23:46:10, 21.10, 62.00
2023-11-10, 23:47:10, 21.10, 62.10
2023-11-10, 23:48:11, 21.10, 62.10
2023-11-10, 23:49:14, 21.10, 62.20
2023-11-10, 23:50:14, 21.10, 62.10
2023-11-10, 23:51:15, 21.10, 62.60
2023-11-10, 23:52:16, 21.10, 62.40
2023-11-10, 23:53:16, 21.10, 62.70
2023-11-10, 23:54:17, 21.00, 62.50
2023-11-10, 23:55:17, 21.00, 62.30
2023-11-10, 23:56:18, 21.00, 62.70
2023-11-10, 23:57:18, 21.00, 62.40
2023-11-10, 23:58:19, 21.00, 62.50
2023-11-10, 23:59:20, 21.00, 62.10
2023-11-11, 00:00:20, 21.00, 62.10
2023-11-11, 00:01:21, 21.10, 61.80
2023-11-11, 00:02:21, 21.10, 61.80
2023-11-11, 00:03:22, 21.10, 62.30
2023-11-11, 00:04:22, 21.10, 62.30
2023-11-11, 00:05:23, 21.00, 62.00
2023-11-11, 00:06:24, 21.10, 61.90
2023-11-11, 00:07:24, 21.10, 61.60
2023-11-11, 00:08:25, 21.10, 61.80
2023-11-11, 00:09:25, 21.10, 62.10
2023-11-11, 00:10:26, 21.10, 61.50
2023-11-11, 00:11:26, 21.10, 62.10
2023-11-11, 00:12:27, 21.10, 61.60
2023-11-11, 00:13:28, 21.10, 61.80
2023-11-11, 00:14:28, 21.10, 61.30
2023-11-11, 00:15:31, 21.10, 61.80
2023-11-11, 00:16:32, 21.10, 61.80
2023-11-11, 00:17:32, 21.10, 61.70
2023-11-11, 00:18:33, 21.10, 62.20
2023-11-11, 00:19:34, 21.00, 62.40
2023-11-11, 00:20:34, 21.10, 62.20
2023-11-11, 00:21:35, 21.10, 62.10
2023-11-11, 00:22:35, 21.00, 61.50
2023-11-11, 00:23:36, 21.10, 61.30
2023-11-11, 00:24:36, 21.10, 61.00
2023-11-11, 00:25:37, 21.10, 61.20
2023-11-11, 00:26:38, 21.10, 61.80
2023-11-11, 00:27:41, 21.10, 62.20
2023-11-11, 00:28:41, 21.10, 62.60
2023-11-11, 00:29:42, 21.10, 62.60
2023-11-11, 00:30:43, 21.10, 62.60
2023-11-11, 00:31:46, 21.10, 62.60
2023-11-11, 00:32:46, 21.10, 62.20
2023-11-11, 00:33:47, 21.10, 62.50
2023-11-11, 00:34:47, 21.10, 61.50
2023-11-11, 00:35:50, 21.10, 61.50
2023-11-11, 00:36:51, 21.10, 61.30
2023-11-11, 00:37:52, 21.10, 61.30
2023-11-11, 00:38:52, 21.10, 61.40
2023-11-11, 00:39:53, 21.10, 61.30
2023-11-11, 00:40:56, 21.20, 61.90
2023-11-11, 00:42:01, 21.20, 61.70
2023-11-11, 00:43:02, 21.10, 61.80
2023-11-11, 00:44:03, 21.20, 61.40
2023-11-11, 00:45:03, 21.20, 60.70
2023-11-11, 00:46:04, 21.20, 60.90
2023-11-11, 00:47:04, 21.20, 60.20
2023-11-11, 00:48:05, 21.20, 59.80
2023-11-11, 00:49:06, 21.20, 60.40
2023-11-11, 00:50:06, 21.20, 60.80
2023-11-11, 00:51:07, 21.20, 60.10
2023-11-11, 00:52:07, 21.20, 60.30
2023-11-11, 00:53:08, 21.20, 60.60
2023-11-11, 00:54:11, 21.20, 60.90
2023-11-11, 00:55:14, 21.20, 61.10
2023-11-11, 00:56:15, 21.10, 60.60
2023-11-11, 00:57:15, 21.20, 60.50
2023-11-11, 00:58:16, 21.10, 60.40
2023-11-11, 00:59:19, 21.10, 60.70
2023-11-11, 01:00:19, 21.10, 60.90
2023-11-11, 01:01:20, 21.10, 60.80
2023-11-11, 01:02:21, 21.20, 61.30
2023-11-11, 01:03:24, 21.10, 61.20
2023-11-11, 01:04:24, 21.10, 60.30
2023-11-11, 01:05:25, 21.20, 60.10
2023-11-11, 01:06:28, 21.20, 60.60
2023-11-11, 01:07:28, 21.20, 60.40
2023-11-11, 01:08:29, 21.10, 60.10
2023-11-11, 01:09:30, 21.10, 60.30
2023-11-11, 01:10:30, 21.10, 60.50
2023-11-11, 01:11:33, 21.10, 60.70
2023-11-11, 01:12:34, 21.10, 60.80
2023-11-11, 01:13:34, 21.10, 60.90
2023-11-11, 01:14:35, 21.10, 60.50
2023-11-11, 01:15:36, 21.10, 60.50
2023-11-11, 01:16:36, 21.10, 60.60
2023-11-11, 01:17:37, 21.10, 60.60
2023-11-11, 01:18:37, 21.10, 60.60
2023-11-11, 01:19:43, 21.10, 60.60
2023-11-11, 01:20:48, 21.00, 60.70
2023-11-11, 01:21:49, 21.00, 60.70
2023-11-11, 01:22:50, 21.10, 60.60
2023-11-11, 01:23:50, 21.10, 60.60
2023-11-11, 01:24:51, 21.00, 60.50
2023-11-11, 01:25:51, 21.00, 60.60
2023-11-11, 01:26:54, 21.00, 60.60
2023-11-11, 01:27:55, 21.00, 60.50
2023-11-11, 01:28:55, 21.00, 60.50
2023-11-11, 01:29:56, 21.00, 60.40
2023-11-11, 01:30:59, 21.00, 60.50
2023-11-11, 01:32:00, 21.00, 60.40
2023-11-11, 01:33:00, 21.00, 60.00
2023-11-11, 01:34:01, 20.90, 59.80
2023-11-11, 01:35:01, 20.90, 59.90
2023-11-11, 01:36:02, 20.90, 59.80
2023-11-11, 01:37:03, 20.90, 59.60
2023-11-11, 01:38:03, 20.90, 59.60
2023-11-11, 01:39:04, 20.90, 60.10
2023-11-11, 01:40:07, 20.90, 60.10
2023-11-11, 01:41:07, 20.90, 59.90
2023-11-11, 01:42:08, 20.90, 59.60
2023-11-11, 01:43:09, 20.90, 59.60
2023-11-11, 01:44:09, 20.90, 59.60
2023-11-11, 01:45:10, 20.90, 59.50
2023-11-11, 01:46:10, 20.90, 59.40
2023-11-11, 01:47:11, 20.80, 59.80
2023-11-11, 01:48:12, 20.90, 59.70
2023-11-11, 01:49:12, 20.80, 60.00
2023-11-11, 01:50:13, 20.90, 60.00
2023-11-11, 01:51:13, 20.90, 59.60
2023-11-11, 01:52:14, 20.80, 59.70
2023-11-11, 01:53:14, 20.90, 59.70
2023-11-11, 01:54:15, 20.90, 59.70
2023-11-11, 01:55:16, 20.80, 59.70
2023-11-11, 01:56:16, 20.80, 59.70
2023-11-11, 01:57:17, 20.80, 59.70
2023-11-11, 01:58:20, 20.90, 59.70
2023-11-11, 01:59:20, 20.90, 59.70
2023-11-11, 02:00:21, 20.80, 59.60
2023-11-11, 02:01:21, 20.80, 59.50
2023-11-11, 02:02:22, 20.80, 59.60
2023-11-11, 02:03:23, 20.80, 59.60
2023-11-11, 02:04:26, 20.80, 59.50
2023-11-11, 02:05:26, 20.80, 59.50
2023-11-11, 02:06:27, 20.80, 59.50
2023-11-11, 02:07:28, 20.80, 59.50
2023-11-11, 02:08:28, 20.80, 59.40
2023-11-11, 02:09:29, 20.80, 59.30
2023-11-11, 02:10:29, 20.80, 59.00
2023-11-11, 02:11:32, 20.80, 58.90
2023-11-11, 02:12:38, 20.80, 59.20
2023-11-11, 02:13:39, 20.70, 59.30
2023-11-11, 02:14:39, 20.70, 59.30
2023-11-11, 02:15:40, 20.70, 59.40
2023-11-11, 02:16:40, 20.70, 59.50
2023-11-11, 02:17:41, 20.70, 59.40
2023-11-11, 02:18:41, 20.70, 59.30
2023-11-11, 02:19:42, 20.70, 59.10
2023-11-11, 02:20:45, 20.70, 59.40
2023-11-11, 02:21:46, 20.70, 59.30
2023-11-11, 02:22:46, 20.70, 59.40
2023-11-11, 02:23:49, 20.70, 59.50
2023-11-11, 02:24:50, 20.70, 59.50
2023-11-11, 02:25:53, 20.70, 59.60
2023-11-11, 02:26:56, 20.70, 59.60
2023-11-11, 02:27:57, 20.70, 59.60
2023-11-11, 02:28:57, 20.70, 59.50
2023-11-11, 02:29:58, 20.60, 59.50
2023-11-11, 02:31:01, 20.70, 59.40
2023-11-11, 02:32:02, 20.70, 59.40
2023-11-11, 02:33:02, 20.70, 59.10
2023-11-11, 02:34:03, 20.70, 59.20
2023-11-11, 02:35:03, 20.70, 59.10
2023-11-11, 02:36:04, 20.70, 59.00
2023-11-11, 02:37:05, 20.70, 59.10
2023-11-11, 02:38:05, 20.70, 59.10
2023-11-11, 02:39:06, 20.70, 58.90
2023-11-11, 02:40:06, 20.70, 58.90
2023-11-11, 02:41:07, 20.60, 59.00
2023-11-11, 02:42:07, 20.70, 58.90
2023-11-11, 02:43:08, 20.70, 58.70
2023-11-11, 02:44:09, 20.60, 58.70
2023-11-11, 02:45:09, 20.60, 58.40
2023-11-11, 02:46:10, 20.60, 58.30
2023-11-11, 02:47:10, 20.60, 58.50
2023-11-11, 02:48:11, 20.60, 58.60
2023-11-11, 02:49:14, 20.60, 58.70
2023-11-11, 02:50:15, 20.60, 58.60
2023-11-11, 02:51:18, 20.60, 58.90
2023-11-11, 02:52:18, 20.50, 58.90
2023-11-11, 02:53:19, 20.50, 59.00
2023-11-11, 02:54:19, 20.50, 59.20
2023-11-11, 02:55:20, 20.50, 59.10
2023-11-11, 02:56:21, 20.50, 59.30
2023-11-11, 02:57:24, 20.50, 59.10
2023-11-11, 02:58:27, 20.50, 59.40
2023-11-11, 02:59:27, 20.50, 59.30
2023-11-11, 03:00:28, 20.50, 59.20
2023-11-11, 03:01:28, 20.50, 59.20
2023-11-11, 03:02:32, 20.50, 59.10
2023-11-11, 03:03:32, 20.50, 59.10
2023-11-11, 03:04:33, 20.50, 58.80
2023-11-11, 03:05:33, 20.50, 58.80
2023-11-11, 03:06:34, 20.50, 58.90
2023-11-11, 03:07:34, 20.50, 58.80
2023-11-11, 03:08:35, 20.50, 58.70
2023-11-11, 03:09:36, 20.50, 58.70
2023-11-11, 03:10:36, 20.50, 58.70
2023-11-11, 03:11:37, 20.50, 58.70
2023-11-11, 03:12:37, 20.50, 58.60
2023-11-11, 03:13:38, 20.50, 58.60
2023-11-11, 03:14:39, 20.50, 58.40
2023-11-11, 03:15:39, 20.50, 58.20
2023-11-11, 03:16:40, 20.50, 58.30
2023-11-11, 03:17:40, 20.50, 58.30
2023-11-11, 03:18:41, 20.50, 58.10
2023-11-11, 03:19:41, 20.50, 58.20
2023-11-11, 03:20:42, 20.50, 57.80
2023-11-11, 03:21:45, 20.50, 58.30
2023-11-11, 03:22:46, 20.50, 58.10
2023-11-11, 03:23:46, 20.40, 58.10
2023-11-11, 03:24:47, 20.40, 58.40
2023-11-11, 03:25:47, 20.50, 58.50
2023-11-11, 03:26:48, 20.40, 58.30
2023-11-11, 03:27:49, 20.50, 58.40
2023-11-11, 03:28:49, 20.40, 58.40
2023-11-11, 03:29:50, 20.40, 58.40
2023-11-11, 03:30:50, 20.40, 58.20
2023-11-11, 03:31:51, 20.40, 58.40
2023-11-11, 03:32:51, 20.40, 58.40
2023-11-11, 03:33:52, 20.40, 58.40
2023-11-11, 03:34:53, 20.40, 58.50
2023-11-11, 03:35:53, 20.40, 58.40
2023-11-11, 03:36:54, 20.40, 58.60
2023-11-11, 03:37:54, 20.40, 58.60
2023-11-11, 03:38:57, 20.40, 58.50
2023-11-11, 03:39:58, 20.40, 58.10
2023-11-11, 03:40:59, 20.40, 57.90
2023-11-11, 03:41:59, 20.40, 57.70
2023-11-11, 03:43:00, 20.40, 57.70
2023-11-11, 03:44:00, 20.40, 57.90
2023-11-11, 03:45:01, 20.40, 57.60
2023-11-11, 03:46:01, 20.40, 57.60
2023-11-11, 03:47:02, 20.40, 57.70
2023-11-11, 03:48:03, 20.40, 57.80
2023-11-11, 03:49:03, 20.40, 57.60
2023-11-11, 03:50:04, 20.40, 57.50
2023-11-11, 03:51:04, 20.40, 57.40
2023-11-11, 03:52:07, 20.40, 57.40
2023-11-11, 03:53:08, 20.40, 57.40
2023-11-11, 03:54:09, 20.40, 57.20
2023-11-11, 03:55:09, 20.40, 57.40
2023-11-11, 03:56:10, 20.30, 57.40
2023-11-11, 03:57:10, 20.30, 57.30
2023-11-11, 03:58:11, 20.30, 57.30
2023-11-11, 03:59:12, 20.30, 57.20
2023-11-11, 04:00:12, 20.40, 57.20
2023-11-11, 04:01:13, 20.30, 57.50
2023-11-11, 04:02:13, 20.40, 57.10
2023-11-11, 04:03:14, 20.30, 57.20
2023-11-11, 04:04:14, 20.30, 57.50
2023-11-11, 04:05:15, 20.30, 57.40
2023-11-11, 04:06:15, 20.30, 57.60
2023-11-11, 04:07:16, 20.30, 57.50
2023-11-11, 04:08:17, 20.30, 57.50
2023-11-11, 04:09:20, 20.30, 57.60
2023-11-11, 04:10:23, 20.30, 57.80
2023-11-11, 04:11:23, 20.30, 57.60
2023-11-11, 04:12:24, 20.30, 57.90
2023-11-11, 04:13:27, 20.30, 57.90
2023-11-11, 04:14:28, 20.30, 57.80
2023-11-11, 04:15:28, 20.30, 57.60
2023-11-11, 04:16:29, 20.30, 57.30
2023-11-11, 04:17:29, 20.30, 57.10
2023-11-11, 04:18:30, 20.30, 57.10
2023-11-11, 04:19:31, 20.30, 57.10
2023-11-11, 04:20:31, 20.30, 57.20
2023-11-11, 04:21:34, 20.30, 57.50
2023-11-11, 04:22:35, 20.30, 57.20
2023-11-11, 04:23:35, 20.30, 57.30
2023-11-11, 04:24:36, 20.30, 57.20
2023-11-11, 04:25:39, 20.30, 57.10
2023-11-11, 04:26:42, 20.30, 57.00
2023-11-11, 04:27:45, 20.30, 56.90
2023-11-11, 04:28:46, 20.30, 56.70
2023-11-11, 04:29:46, 20.30, 56.90
2023-11-11, 04:30:47, 20.30, 56.80
2023-11-11, 04:31:48, 20.30, 56.90
2023-11-11, 04:32:48, 20.30, 56.80
2023-11-11, 04:33:51, 20.30, 56.80
2023-11-11, 04:34:52, 20.20, 56.90
2023-11-11, 04:35:52, 20.20, 57.00
2023-11-11, 04:36:55, 20.30, 57.00
2023-11-11, 04:37:56, 20.20, 57.10
2023-11-11, 04:38:57, 20.20, 57.10
2023-11-11, 04:39:57, 20.20, 57.10
2023-11-11, 04:40:58, 20.20, 57.10
2023-11-11, 04:41:58, 20.20, 57.00
2023-11-11, 04:42:59, 20.20, 57.00
2023-11-11, 04:44:02, 20.20, 57.20
2023-11-11, 04:45:03, 20.20, 57.10
2023-11-11, 04:46:03, 20.20, 57.10
2023-11-11, 04:47:04, 20.20, 57.20
2023-11-11, 04:48:04, 20.20, 57.00
2023-11-11, 04:49:05, 20.20, 57.60
2023-11-11, 04:50:05, 20.20, 57.40
2023-11-11, 04:51:08, 20.20, 57.20
2023-11-11, 04:52:09, 20.20, 57.00
2023-11-11, 04:53:10, 20.10, 56.90
2023-11-11, 04:54:10, 20.20, 56.90
2023-11-11, 04:55:11, 20.20, 56.80
2023-11-11, 04:56:11, 20.20, 56.80
2023-11-11, 04:57:12, 20.20, 56.70
2023-11-11, 04:58:13, 20.20, 56.70
2023-11-11, 04:59:13, 20.20, 56.70
2023-11-11, 05:00:16, 20.20, 56.80
2023-11-11, 05:01:17, 20.20, 56.70
2023-11-11, 05:02:17, 20.20, 56.70
2023-11-11, 05:03:20, 20.20, 56.80
2023-11-11, 05:04:21, 20.20, 56.60
2023-11-11, 05:05:22, 20.20, 56.50
2023-11-11, 05:06:22, 20.20, 56.70
2023-11-11, 05:07:23, 20.20, 56.70
2023-11-11, 05:08:23, 20.20, 56.60
2023-11-11, 05:09:24, 20.20, 56.60
2023-11-11, 05:10:24, 20.20, 56.60
2023-11-11, 05:11:25, 20.20, 56.60
2023-11-11, 05:12:26, 20.20, 56.50
2023-11-11, 05:13:29, 20.20, 56.80
2023-11-11, 05:14:29, 20.20, 56.80
2023-11-11, 05:15:30, 20.10, 56.90
2023-11-11, 05:16:30, 20.10, 56.90
2023-11-11, 05:17:31, 20.10, 56.70
2023-11-11, 05:18:34, 20.10, 56.90
2023-11-11, 05:19:35, 20.10, 56.80
2023-11-11, 05:20:35, 20.10, 56.90
2023-11-11, 05:21:38, 20.10, 56.90
2023-11-11, 05:22:39, 20.10, 57.00
2023-11-11, 05:23:42, 20.10, 57.10
2023-11-11, 05:24:43, 20.10, 57.30
2023-11-11, 05:25:43, 20.10, 57.40
2023-11-11, 05:26:46, 20.10, 57.20
2023-11-11, 05:27:47, 20.10, 57.10
2023-11-11, 05:28:47, 20.10, 57.10
2023-11-11, 05:29:50, 20.10, 56.70
2023-11-11, 05:30:51, 20.10, 56.70
2023-11-11, 05:31:52, 20.10, 56.70
2023-11-11, 05:32:52, 20.10, 56.70
2023-11-11, 05:33:53, 20.10, 56.70
2023-11-11, 05:34:53, 20.10, 56.70
2023-11-11, 05:35:54, 20.10, 56.60
2023-11-11, 05:36:54, 20.10, 56.60
2023-11-11, 05:37:55, 20.10, 56.60
2023-11-11, 05:38:58, 20.10, 56.60
2023-11-11, 05:39:59, 20.10, 56.60
2023-11-11, 05:40:59, 20.10, 56.50
2023-11-11, 05:42:00, 20.10, 56.70
2023-11-11, 05:43:03, 20.10, 56.70
2023-11-11, 05:44:03, 20.10, 56.60
2023-11-11, 05:45:04, 20.10, 56.60
2023-11-11, 05:46:05, 20.00, 56.70
2023-11-11, 05:47:05, 20.10, 56.60
2023-11-11, 05:48:06, 20.10, 56.80
2023-11-11, 05:49:06, 20.10, 56.60
2023-11-11, 05:50:10, 20.00, 56.80
2023-11-11, 05:51:10, 20.00, 56.60
2023-11-11, 05:52:13, 20.00, 56.70
2023-11-11, 05:53:14, 20.00, 57.00
2023-11-11, 05:54:17, 20.00, 56.90
2023-11-11, 05:55:17, 20.00, 56.80
2023-11-11, 05:56:18, 20.00, 56.90
2023-11-11, 05:57:19, 20.00, 56.80
2023-11-11, 05:58:19, 20.00, 56.90
2023-11-11, 05:59:22, 20.00, 57.00
